<?xml version="1.0"?>
<doc>
    <assembly>
        <name>YDL</name>
    </assembly>
    <members>
        <member name="T:BtnFlag">
            <summary>
            按键位置
            </summary>
        </member>
        <member name="F:BtnFlag.LeftDirectionUp">
            <summary>
            左边方向向上
            </summary>
        </member>
        <member name="F:BtnFlag.LeftDirectionDown">
            <summary>
            左边方向向下
            </summary>
        </member>
        <member name="F:BtnFlag.LeftDirectionLeft">
            <summary>
            左边方向向左
            </summary>
        </member>
        <member name="F:BtnFlag.LeftDirectionRight">
            <summary>
            左边方向向右
            </summary>
        </member>
        <member name="F:BtnFlag.LeftUpButton">
            <summary>
            左边上面按钮
            </summary>
        </member>
        <member name="F:BtnFlag.LeftFrontButton">
            <summary>
            左边前面按钮
            </summary>
        </member>
        <member name="F:BtnFlag.RightFrontButton">
            <summary>
            右边前面按钮
            </summary>
        </member>
        <member name="F:BtnFlag.RightUpButton">
            <summary>
            右边上面按钮
            </summary>
        </member>
        <member name="F:BtnFlag.RightDirectionUp">
            <summary>
            右边方向向上
            </summary>
        </member>
        <member name="F:BtnFlag.RightDirectionDown">
            <summary>
            右边方向向下
            </summary>
        </member>
        <member name="F:BtnFlag.RightDirectionLeft">
            <summary>
            右边方向向左
            </summary>
        </member>
        <member name="F:BtnFlag.RightDirectionRight">
            <summary>
            右边方向向右
            </summary>
        </member>
        <member name="T:Ydl_Platform">
            <summary>
            平台控制SDK
            </summary>
        </member>
        <member name="M:Ydl_Platform.SetHeight(System.Int32,System.Int32)">
            <summary>
            控件电缸高度
            </summary>
            <param name="ax">缸 从0开始</param>
            <param name="height">高度 0-1024</param>
        </member>
        <member name="M:Ydl_Platform.SetFans(System.Byte,System.Byte)">
            <summary>
            控制风扇转速
            </summary>
            <param name="left"></param>
            <param name="right"></param>
        </member>
        <member name="M:Ydl_Platform.GetKey(BtnFlag)">
            <summary>
            获取现在按键是否按下
            </summary>
            <param name="k"></param>
            <returns></returns>
        </member>
        <member name="M:Ydl_Platform.GetKeyDown(BtnFlag)">
            <summary>
            获取按键的一次按下
            </summary>
            <param name="k"></param>
            <returns></returns>
        </member>
        <member name="M:Ydl_Platform.GetKeyUp(BtnFlag)">
            <summary>
            获取按键的一次弹起
            </summary>
            <param name="k"></param>
            <returns></returns>
        </member>
        <member name="M:Ydl_Platform.Dispose">
            <summary>
            结束时调用,释放接口
            </summary>
        </member>
    </members>
</doc>
